id,question,answer,slide_path
027c776c-e780-489e-ac08-ff8d687e3737,"modality of choice
localization + differentiation of external/internal resorptive defects",Limited FOV CBCT ,data/slide_images/91684168-3bfa-4c86-bc29-bee76b33a1c1_p_10.png
11a99e12-0392-470a-8606-c832a4f6de3e,"modality of choice
teeth w/ potential for extra canals and suspected complex morphology","** Limited FOV CBCT **
• mand anterior teeth
• max and mand premolars/molars
• dental anomalies.",data/slide_images/91684168-3bfa-4c86-bc29-bee76b33a1c1_p_9.png
1615fa4f-c28b-4456-8cc7-a84f77dacad3,Digital vs Film Systems: detector sensitivity,"• Digital allow dose reduction compared to film
• sensitivity varies by type and manufacturer",data/slide_images/0aaaab5c-bcd2-4fe1-8fc6-655be18b2e6a_p_27.png
34cb01b5-cfba-444d-8a47-80de36ab555e,What type of radiographic technique is indicated by the title of the slide?,Right angle technique,data/slide_images/691879bc-4400-4349-8df2-b46cd3892cbb_p_21.png
3aff8e35-ce06-4d9d-9b41-dfd880d507fb,Endodontic application of CBCT?,"• Differentiation of pathosis from normal anatomy
• Relationships with anatomical structures
• management of dens invaginatus and aberrant pulpal anatomy
• External/Internal resorption
• Lateral root perforation by a post
• Accessory canal identification
• Surgical management of fractured instrument
• Aiding surgical endodontic planning",data/slide_images/91684168-3bfa-4c86-bc29-bee76b33a1c1_p_14.png
3c221cb5-a59b-443e-8348-460501e69bf2,Xray generation and attenuation in the dental imaging chain?,"• X-rays pass through oral tissues
• attenuated by enamel, dentin, bone, and soft tissue 
• based on density and thickness",data/slide_images/0aaaab5c-bcd2-4fe1-8fc6-655be18b2e6a_p_3.png
57d75bfe-00fa-4cb3-9a85-2cb0d8754e82,"Object localization is used to determine the spatial relationship of structures, such as:","Impacted teeth, foreign objects, root canals, and fractures",data/slide_images/691879bc-4400-4349-8df2-b46cd3892cbb_p_15.png
5ce394ea-cd05-400a-8675-526361dfed03,Positive Clinical Sign or Symptom for prescribing dental radiographs?,"1. Clinical evidence of periodontal disease
2. Large or deep restorations
3. Deep carious lesions
4. Malposed or clinically impacted teeth
5. Swelling
6. Evidence of dental/facial trauma
7. Mobility of teeth
8. Sinus tract (“fistula”)
9. Clinically suspected sinus pathology
10. Growth abnormalities
11. Oral involvement in known or suspected systemic disease
12. Positive neurologic findings in the head and neck
13. Evidence of foreign objects
14. Pain and/or dysfunction of the temporomandibular joint
15. Facial asymmetry
16. Abutment teeth for fixed or removable partial prosthesis
17. Unexplained bleeding
18. Unexplained sensitivity of teeth
19. Unusual eruption, spacing or migration of teeth
20. Unusual tooth morphology, calcification or color
21. Unexplained absence of teeth
22. Clinical tooth erosion
23. Peri-implantiti",data/slide_images/91684168-3bfa-4c86-bc29-bee76b33a1c1_p_6.png
60a001eb-cc52-4c3a-b51e-3473c0b62268,The Tube-shift technique is also referred to as:,Buccal object rule/SLOB Rule (Clark's Rule),data/slide_images/691879bc-4400-4349-8df2-b46cd3892cbb_p_16.png
6840da13-8fd1-42c7-bcd5-66765383fbbb,"Image shape distortion occurs when the object, receptor, and x-ray beam are not properly:",Aligned,data/slide_images/691879bc-4400-4349-8df2-b46cd3892cbb_p_11.png
697e8479-5957-4def-ba47-8b68edb79037,"modality of choice:
evaluation of the endodontic patients",Intraoral radiographs,data/slide_images/91684168-3bfa-4c86-bc29-bee76b33a1c1_p_9.png
70cf7e5d-de63-4cb7-80c2-c2455a481573,CBCT is indicated in dental trauma?,"• Root fractures
• Luxation injuries
• Avulsion
• Root resorption",data/slide_images/91684168-3bfa-4c86-bc29-bee76b33a1c1_p_16.png
81191d14-f561-45b4-a17c-183980fc8c1e,Orthodontic application of CBCT?,"• Cleft palate assessment
• Resorption related to impacted teeth
• bone dimensions for mini-implant placement
• rapid maxillary expansion
• 3D cephalometry
• Age assessment
• Investigation of orthodontic-associated paresthesia",data/slide_images/91684168-3bfa-4c86-bc29-bee76b33a1c1_p_15.png
814eee25-84a3-4878-b64a-e0e657d63de1,Positive Historical Findings for prescribing dental radiographs?,"1. Previous periodontal or endodontic treatment
2. History of pain or trauma
3. Familial history of dental anomalies
4. Post-operative evaluation of healing
5. Remineralization monitoring
6. Presence of implants or evaluation for implant placement",data/slide_images/91684168-3bfa-4c86-bc29-bee76b33a1c1_p_6.png
836a64bd-afdb-4c23-9968-2335991752db,Which of the following is NOT a view presented in the comparison of dental imaging techniques?,Frontal view,data/slide_images/691879bc-4400-4349-8df2-b46cd3892cbb_p_20.png
953696f5-2c45-4680-bcf8-f297a69faf11,What is a key characteristic of noisy images in periapical radiographs?,underexposed periapical radiograph in A,data/slide_images/0aaaab5c-bcd2-4fe1-8fc6-655be18b2e6a_p_43.png
99f45250-b127-4406-b3ee-7af74208c82f,"modality of choice:
patient present with contradictory/nonspecific clinical signs
associated with untreated or previously endodontically treated",Limited field-of-view (FOV) cone beam computed tomography ,data/slide_images/91684168-3bfa-4c86-bc29-bee76b33a1c1_p_9.png
a97cc477-222c-4115-ba3b-3cc87d3c24bb,What is the primary technique discussed on this slide for dental imaging?,Right angle technique,data/slide_images/691879bc-4400-4349-8df2-b46cd3892cbb_p_22.png
acff1c48-8553-479d-92eb-4b0fc5f2d24f,"modality of choice 
diagnosis/management of limited dentoalveolar trauma, root fractures, luxation, and/or displacement of teeth",Limited FOV CBCT,data/slide_images/91684168-3bfa-4c86-bc29-bee76b33a1c1_p_10.png
aee7d38b-9914-4f2c-abe0-5929ca01683e,CMOS sensor's design?,"•  Each pixel has its own transistor
• Signal read directly from each pixel",data/slide_images/0aaaab5c-bcd2-4fe1-8fc6-655be18b2e6a_p_15.png
b8a48dd5-ff66-4d0e-a5d1-10ce0a2fe144,Characteristics of Previous Diagnostic Images?,"• demonstrate whether a condition has remained unchanged, worsened, healing
• made recently = adequate for the current diagnostic task",data/slide_images/91684168-3bfa-4c86-bc29-bee76b33a1c1_p_4.png
bca3a8c9-bc83-497d-8b00-b84e904814f0,"modality of choice:
intra-appointment identification and localization of calcified canals","**limited FOV CBCT**
if preoperative CBCT has not been taken",data/slide_images/91684168-3bfa-4c86-bc29-bee76b33a1c1_p_10.png
cfaa8861-5166-4a0e-8515-16529a4f825d,"uses of CBCT in orthodontics?
evaluate/assess:","1. anomalies + eruption
2. evaluate dental-alveolar boundaries
3. craniofacial skeletal asymmetry
4. maxillomandibular discrepancies
5. temporomandibular joints
6. airway morphology
7. Combined orthodontic + orthognathic surgical management
8. identify locations for temporary anchorage devices
9. skeletal + dental changes by maxillary expanders",data/slide_images/91684168-3bfa-4c86-bc29-bee76b33a1c1_p_11.png
da36d057-7207-42f9-9419-d8ee2fdb9ddb,What lossy compression?,"==Discards image data, use with caution==
• Does not affect diagnostic quality
• Compression rates
      • Caries 12:1-14:1
      • endo file 25:1
      • pano 28:1
• Jpeg, mpeg, mp3, wma, aac",data/slide_images/0aaaab5c-bcd2-4fe1-8fc6-655be18b2e6a_p_40.png
