id,user_id,filename,created_at,folder_id,description,storage_path
010be47f-8738-4280-8415-63c0bb460e89,,W5: Susceptibility,2026-04-18 20:36:59.935933+00,0f189d2c-e23c-46a2-8988-31984a29d820,,f62beb1c-8efc-4fcc-9bef-407c2089617d-05_-_Susceptibility_-_April_7_update.pdf
082af16f-ffb1-42bf-b082-0e1f55d08701,,11. Substance Use Disorder & Tobacco Cessation,2026-02-05 02:06:30.094764+00,f7fa4b00-b283-4f14-b19b-59a782b67934,,
092502ac-7925-42f6-8adc-3afeb5c76eb6,,3. Central and Peripheral nervous system,2026-02-04 22:03:14.857701+00,d618671e-3161-4f7d-8df2-1877c6c9c325,,897fb6bd-95da-5a7a-a9a3-1a100c1937b7-Central_and_Peripheral_nervous_system_.pdf
0aaaab5c-bcd2-4fe1-8fc6-655be18b2e6a,,W5: Digital Imaging,2026-04-15 19:34:40.11983+00,e44a470c-217b-441c-90b8-90096b41e02d,Need to Edit,1d523631-aea4-45fe-b4da-88d3bfa0ac2f-Digital_Imaging_Dr.Manila_2026.pdf
0c10df3d-d0da-4d35-9338-8e5b44e1b8ab,,W4: Root Caries,2026-04-12 20:19:10.15552+00,0f189d2c-e23c-46a2-8988-31984a29d820,"W4, Dr. Faranghi",70e536ee-d4b3-54f8-b484-16bed7293d2d-04_-_Root_Caries.pdf
0f75df57-90ff-4261-96bf-1ae60f6702a9,,"3. Salivary Glands, Tonsils, Thyroid, Nasal Cavity, Sinuses",2026-02-03 18:44:59.964287+00,66323871-0e7f-4b53-a47f-8838d9875f7d,,
169d5f0d-50f1-4c58-b20f-900a48f375dd,,4. Temporomandibular Joint,2026-02-04 03:48:56.771625+00,66323871-0e7f-4b53-a47f-8838d9875f7d,,
24989ebd-0d23-4b9e-a4a4-e5974e4bc0e4,,W2: Enamel Caries,2026-03-23 23:54:34.438069+00,0f189d2c-e23c-46a2-8988-31984a29d820,,8d25650a-9127-5d92-a76b-7a5b6eaf6b52-02-_Enamel_Caries_(1).pdf
26697b36-ea96-4128-9d10-ec38325e9d9a,,1. Gingival and Dentogingival Junctional Tissues,2026-02-04 03:45:57.853392+00,66323871-0e7f-4b53-a47f-8838d9875f7d,,
2833f806-12e3-4932-898e-bb069c05593a,,5. DMFT & Ergo,2026-02-05 01:58:10.740206+00,f7fa4b00-b283-4f14-b19b-59a782b67934,,
28c4f8d7-e552-461f-8484-57417ea3090b,,1.1 Pituitary + Hypothalamus,2026-03-10 03:27:06.418273+00,91f23899-64e5-4aee-83b4-fed0a33574e5,"W1, L1, Dr. Bilasy",d6c91b3f-2a77-5c4c-a909-3f1d6afe462f-Endocrine_system_Pitutary_and_Hypothalamus_2026.pdf
2bcb9859-e180-479b-9b2b-7d96e2d3a1e2,,W3: Radiation Biology,2026-03-28 02:19:57.753292+00,e44a470c-217b-441c-90b8-90096b41e02d,"Week 3, Dr. Manila",8ceddd15-56ce-5485-aa80-b4f802b35efb-Radiation_biology_2026.pdf
2e1370e6-b6b6-4118-896c-32bdb79c24ea,,5. Development of Behavior,2026-02-04 03:51:36.764087+00,66323871-0e7f-4b53-a47f-8838d9875f7d,,
2eda5f3d-2ccf-5a54-a7f9-7e3471e9cf2e,,Kidney Disease and its Impact on Oral Health (S),2026-04-20 16:00:09+00,6606906b-a1c0-4a46-9b2c-9571839f5a8b,,Kidney Disease and its Impact on Oral Health (S).pdf
2ff0f276-296f-4e0b-bf42-0688a16e7bce,,1. Introduction to Pharmacology I,2026-02-04 01:50:24.018699+00,6606906b-a1c0-4a46-9b2c-9571839f5a8b,,
325fcfcc-42f3-529e-b948-aaae3e722249,,GI- Intestinal & Accessory Digestive (1),2026-04-20 16:00:07+00,f11a0007-1c92-4fc0-a687-b242d1fff879,,GI- Intestinal & Accessory Digestive (1).pdf
32ad49c0-39fb-5903-b843-f705ccd4d143,,GI physiology_Digestive Organs,2026-04-20 16:00:06+00,f11a0007-1c92-4fc0-a687-b242d1fff879,,GI physiology_Digestive Organs.pdf
35a2eab2-7a5f-4488-ab28-8739442cfa1e,,"2. PPE, Hand Wash, Op Setup",2026-02-05 01:55:08.563536+00,f7fa4b00-b283-4f14-b19b-59a782b67934,,
3c8c2ee9-c753-4aac-ac4a-6cf3549c2f32,,3. Health Hx & Vitals,2026-02-05 01:56:10.595164+00,f7fa4b00-b283-4f14-b19b-59a782b67934,,
3f592a4c-0ad3-495b-97a3-7004a6725a39,,4. Traumatic Brain and Spinal Cord Injuries,2026-02-04 22:05:38.583592+00,d618671e-3161-4f7d-8df2-1877c6c9c325,,195275bd-1bb1-5470-ba7d-7ca923a1e02b-Dental_Significance_&_Challenges_in_Managing_with_Traumatic_Brain_and_Spinal_Cord_Injuries_(S).pdf
40454a15-1264-415f-a68a-65ac8862a085,,8. Hemostasis and Anemia,2026-02-04 03:25:55.188496+00,6606906b-a1c0-4a46-9b2c-9571839f5a8b,,
40e7e71f-05d6-5554-8c44-64e639b4401a,,Anxiety Depression psychosis,2026-04-20 16:00:01+00,6606906b-a1c0-4a46-9b2c-9571839f5a8b,,Anxiety Depression psychosis.pdf
41d6126d-5538-451c-9534-36fea503b483,,Salivary Glands + Vitamins,2026-02-06 04:41:21.785218+00,f11a0007-1c92-4fc0-a687-b242d1fff879,,
42f81bfc-61f6-49b4-b579-bac2e35a20a9,,7. Respiratory System,2026-02-04 03:24:24.709352+00,6606906b-a1c0-4a46-9b2c-9571839f5a8b,,635f9a3f-37dc-5943-a423-ec793eaadcc0-Structure_and_Function_of_Respiratory_System_and_disorders.pdf
460588b0-449e-4112-a8c3-5e3768de8ff3,,W3: Dentinal Caries,2026-04-12 19:52:22.248409+00,0f189d2c-e23c-46a2-8988-31984a29d820,"W3, Dr. Faranghi",60a99c81-dadb-5c32-8686-3cced4818ca2-03_-_Dentinal_Caries.pdf
49386ddf-e945-430c-8956-84626ec19773,,11. Toxicology and Substance Use Disorder,2026-02-06 04:38:21.533799+00,6606906b-a1c0-4a46-9b2c-9571839f5a8b,,
4efab395-8e46-4d2b-ac2c-bb6ed7ec99e0,,8. Gingival Description,2026-02-05 02:03:07.067507+00,f7fa4b00-b283-4f14-b19b-59a782b67934,,
55d5eb91-ba19-488f-8e58-bc26813e886c,,4.1 Microbes and Impact on Health,2026-03-29 20:05:34.629592+00,7df16afe-1fc8-4e3b-99cb-bdd43ae4c596,Need to Edit,e48c4e80-8290-5397-b826-895a4337a6a1-The_world_of_Microbes_and_Impact_on_Health.pdf
5ac3f6b8-bfdd-599f-ac19-68ceb3bfb4c6,,"Cardiovascular Disease, Common Medications and Taking Blood Pressure (S)",2026-04-20 16:00:03+00,6606906b-a1c0-4a46-9b2c-9571839f5a8b,,"Cardiovascular Disease, Common Medications and Taking Blood Pressure (S).pdf"
5c6878db-2cad-4260-9324-1e3ae10f8363,,7.2 Biofilms + Oral Flora: Normal vs Pathologic,2026-04-20 16:24:39.435799+00,7df16afe-1fc8-4e3b-99cb-bdd43ae4c596,,bac7aa8e-5856-472e-889d-1bcc33b75e98-Biofilms_and_Oral_Flora_Normal_vs_Pathologic_Flora.pdf
61aec53f-39ba-42cc-bed4-a4041d5c33f3,,4. Cultural Humility,2026-02-05 01:57:09.584082+00,f7fa4b00-b283-4f14-b19b-59a782b67934,,
630c0b7e-e393-56b7-914f-efd4cc23ea37,,Behavioral & Psychiatric Disorders 2025 (S),2026-04-20 16:00:02+00,6606906b-a1c0-4a46-9b2c-9571839f5a8b,,Behavioral & Psychiatric Disorders 2025 (S).pdf
691879bc-4400-4349-8df2-b46cd3892cbb,,W7: Projection Geometry,2026-04-20 20:23:18.098751+00,e44a470c-217b-441c-90b8-90096b41e02d,NEED TO EDIT,d19f2840-5a4f-4662-a3a0-6d1ffc103199-Week_7-_Projection_Geometry_Dr.Manila_2026.pdf
6a409aa5-38a2-5621-ad32-317edcf3d882,,Dental Treatment of Patients with Acute & Chronic Pulmonary Disease (S),2026-04-20 16:00:05+00,6606906b-a1c0-4a46-9b2c-9571839f5a8b,,Dental Treatment of Patients with Acute & Chronic Pulmonary Disease (S).pdf
7192fc24-0723-411f-8973-960dde8f21d2,,7. CRACAMBRA,2026-02-05 02:02:16.652898+00,f7fa4b00-b283-4f14-b19b-59a782b67934,,
7520809f-3703-4aa0-8480-b284fdcba105,,W4: Safety and Protection,2026-04-18 01:48:38.161905+00,e44a470c-217b-441c-90b8-90096b41e02d,,338270df-901f-44ef-b3c3-7572aaabb8d9-Safety_and_Protection_2026.pdf
7655b0c8-c754-47b6-8cbe-e7da569b75da,,3. Local and General Anesthesia,2026-02-04 01:57:56.217201+00,6606906b-a1c0-4a46-9b2c-9571839f5a8b,,
79e5faef-4d71-4fa6-9607-3d25e86ce2cd,,5. Peripheral nervous system: Neurotransmitters,2026-02-04 22:06:12.636098+00,d618671e-3161-4f7d-8df2-1877c6c9c325,,39ce4f8f-c275-5e5d-ba2a-42f731e2b64a-Peripheral_nervous_system_Neurotransmitters.pdf
7a590d7c-9f6c-5b13-8265-6998035ac3da,,Anemia and Bleeding Disorders with Dental Modifications (S),2026-04-20 16:00:00+00,6606906b-a1c0-4a46-9b2c-9571839f5a8b,,Anemia and Bleeding Disorders with Dental Modifications (S).pdf
7ac13673-988e-40fd-98ee-e2e2992585e9,,6.2 Virus Evolution and Emergence,2026-04-14 16:38:46.131405+00,7df16afe-1fc8-4e3b-99cb-bdd43ae4c596,Need to Edit,
7ca77419-0706-493d-946e-9e9dd6b008c1,,7.1 Viral Infections and the Impact on Oral Health,2026-04-17 02:49:57.26334+00,7df16afe-1fc8-4e3b-99cb-bdd43ae4c596,,1fc846c4-e802-4f67-9500-090a4069a32f-Viral_Infections_and_the_Impact_on_Oral_Health__S___1_.pdf
81bfcf5f-a02e-4112-81f1-0961e9264257,,"W1: Intro, History, Relevance, Foundations",2026-03-23 20:10:21.432814+00,0f189d2c-e23c-46a2-8988-31984a29d820,,4d80b038-a3a4-5cbc-8fb1-b41549fe83d1-01_-_Intro_History_Relevance_Foundations.pdf
82fd8fa6-aa26-5144-a74b-53227edf81c5,,"Urinary System physiology ",2026-04-20 16:00:10+00,6606906b-a1c0-4a46-9b2c-9571839f5a8b,,Urinary System physiology .pdf
8446d75f-d6c8-4fc7-ad39-0a710075f680,,3.3 Head and Neck Cancer with Neck node Levels,2026-03-24 23:18:07.577201+00,91f23899-64e5-4aee-83b4-fed0a33574e5,"Week 3, Lecture 3: Wiley",64824712-0410-5dfa-8625-fb6fa442bd3f-Head_and_Neck_Cancer_with_Neck_node_Levels_2026_(S).pdf
89c40f6d-cc23-4189-a16b-b3d64a9fb18c,,6. Renal pharmacology,2026-02-04 03:23:43.651399+00,6606906b-a1c0-4a46-9b2c-9571839f5a8b,,
8a1a3dae-959a-4cdf-a096-6ffe554f0bb6,,1. Nervous System Anatomy and Physiology,2026-02-04 22:02:00.505331+00,d618671e-3161-4f7d-8df2-1877c6c9c325,,ecf107c5-fe98-5eef-8c9a-ce3f3af640a1-The_Nervous_System_Anatomy_and_Physiology.pdf
8c5411be-c0b4-4212-a960-6d7bf96116fb,,2. Intro to Pharmacology II,2026-02-04 01:55:10.260463+00,6606906b-a1c0-4a46-9b2c-9571839f5a8b,,
90c5088c-9918-57b0-bec7-9900e451a95a,,Introduction to Virology,2026-04-20 16:00:11+00,7df16afe-1fc8-4e3b-99cb-bdd43ae4c596,,Introduction to Virology.pdf
91684168-3bfa-4c86-bc29-bee76b33a1c1,,W6.5: Prescribing Diagnostic Imaging,2026-04-20 00:57:30.424921+00,e44a470c-217b-441c-90b8-90096b41e02d,Extra lecture,0f82e4f5-107f-4ea3-987d-25f7df8347cd-Prescribing_Diagnostic_Imaging_Dr.Manila_2026.pdf
9445649d-24d0-44ac-be20-8ac5b2c6e9d0,,2. Oral mucosa and Tongue,2026-02-04 03:47:25.511149+00,66323871-0e7f-4b53-a47f-8838d9875f7d,,
9bd22ad8-0768-4bae-93a6-139f29a8baed,,2.1 Muscloskeletal System,2026-03-24 23:26:11.822087+00,91f23899-64e5-4aee-83b4-fed0a33574e5,Need to Edit,0a02dc8d-2734-507c-a747-dff514c69612-Muscloskeletal_System_.pdf
9be63716-9867-5b41-b612-5730c8e07e31,,Introduction to Hematology,2026-04-20 16:00:08+00,6606906b-a1c0-4a46-9b2c-9571839f5a8b,,Introduction to Hematology.pdf
9c000540-6421-44c5-aec0-af718aba3ac4,,10. Clinical Dental Findings,2026-02-05 02:05:40.671692+00,f7fa4b00-b283-4f14-b19b-59a782b67934,,
a68b8e27-4662-46f5-a3df-95c7d6e0711b,,"2.2 Bone Disoders: Osteoporosis, Bisphosphonates and MRONJ",2026-03-24 23:28:26.611261+00,91f23899-64e5-4aee-83b4-fed0a33574e5,"W2, Lecture 2, Dr. Wiley","2b3a022d-f30f-59e0-b237-ed75d31ebea0-Bone_Disoders_Osteoporosis,_Bisphosphonates_and_Phathophysiology_of_MRONJ.pdf"
a7968a2d-add7-40fc-bb55-f978c28fd67b,,6. Dental Significance of Neurologic Disorders,2026-02-07 02:22:47.426579+00,d618671e-3161-4f7d-8df2-1877c6c9c325,,18329ae2-d2a0-528e-951c-fde2d48cac50-Dental_Significance_of_Neurologic_Disorders_(S).pdf
b3b72bdb-dabf-4396-b05e-f9e7de067d31,,"GI: Endocrine Physiology, Pancreas, and Diabetes",2026-02-01 21:51:58.840939+00,f11a0007-1c92-4fc0-a687-b242d1fff879,,d7e99938-84f2-5605-aae3-388d846443fa-GI_and_Endocrine_Physiology_Pancrease_and_Diabetes.pdf
b9467b7e-a35e-4279-b94b-d46ce4d25a1f,,4.2 Pregnancy and Dental Health,2026-04-12 19:42:38.310671+00,7df16afe-1fc8-4e3b-99cb-bdd43ae4c596,"W4, L2, Dr. Wiley",862c54e7-c5be-53ed-8a58-746b34615961-Pregnancy_and_Dental_Health_(S).pdf
bbd52e7e-068a-47c8-9a61-15d830a3320a,,10. Endocrine: Diabetes and Hypoglycemia,2026-02-04 03:41:16.521155+00,6606906b-a1c0-4a46-9b2c-9571839f5a8b,,
bdf6ba21-2be0-4663-a410-584dc7cc3620,,9. EO/IO Exams,2026-02-05 02:03:53.092251+00,f7fa4b00-b283-4f14-b19b-59a782b67934,,
beec3cfd-3a8a-4754-afd0-3cbb7fd9a116,,Coordination of Care for Patients with Gastrointestinal Diseases,2026-02-03 16:12:05.530184+00,f11a0007-1c92-4fc0-a687-b242d1fff879,,73af0304-3343-524e-b29a-060f0275763e-Coordination_of_Care_for_Patients_with_Gastrointestinal_Diseases_(S).pdf
cab52cb1-47cc-4365-9b7d-3c4b937cc8c7,,W6: Film Imaging,2026-04-18 19:23:02.626625+00,e44a470c-217b-441c-90b8-90096b41e02d,,b716a1d8-8b35-4c67-b1f4-2d6b181c90d2-Week_6-_Film_Imaging__Dr.Manila.pdf
cd0dd265-a569-5882-a323-1a7a6b0df6c4,,"Cardiovascular system Physiology and CVS Diseases  ",2026-04-20 16:00:04+00,6606906b-a1c0-4a46-9b2c-9571839f5a8b,,Cardiovascular system Physiology and CVS Diseases  .pdf
cd7be979-86af-46db-8838-070bd06e9520,,3.2 Hematologic Cancers,2026-03-24 16:24:05.393513+00,91f23899-64e5-4aee-83b4-fed0a33574e5,"Week 3, Lecture 2: Wiley 
Edited",f45eedca-0d7a-529b-a3c5-1ab4f12e2491-Hematologic_Cancers_2026_(S).pdf
d5b4bb5f-1bc1-41ad-b299-d8323857d2f6,,5. Drugs acting on the cardiovascular system,2026-02-04 03:19:51.967717+00,6606906b-a1c0-4a46-9b2c-9571839f5a8b,,
d7cd84fd-0ae3-4743-b973-266cb1dfe1d0,,3.1 Cell Biology and Hallmarks of Cancer,2026-03-24 23:23:31.883432+00,91f23899-64e5-4aee-83b4-fed0a33574e5,"W3, L1, Dr. Bilasy",b2205234-d8fa-5648-9612-b9e38adbdbb3-Cell_Biology_and_Hallmarks_of_Cancer_.pdf
db9603fe-d8aa-43fc-9a35-6ccdc3b2a1e5,,Risk of Dental Care with Hepatic Diseases (S).pdf,2026-02-08 18:41:58.715128+00,f11a0007-1c92-4fc0-a687-b242d1fff879,,c5ef21a3-1c90-56c7-9f22-f4d358a686a7-Risk_of_Dental_Care_with_Hepatic_Diseases_(S).pdf
dc3852de-e610-4afe-a157-1a7682ba48f9,,"1.2 Thyroid, Adrenal, + Parathyroid Glands",2026-03-10 03:30:25.342656+00,91f23899-64e5-4aee-83b4-fed0a33574e5,"W1, L2, Dr. Wiley","b9f1fbc0-d6ed-5a25-8451-acb092b0192a-Endocrine_System_-_Thyroid,_Adrenal,_and_Parathyroid_Glands_(S).pdf"
e490bf8d-465b-4caa-92b4-03231d16bd96,,W6: Classification,2026-04-19 21:51:00.217802+00,0f189d2c-e23c-46a2-8988-31984a29d820,,a56663b0-8b89-4ae0-b99b-62f0dded2b98-06-Classification__3_.pdf
e782d153-811a-434f-b5fe-a8453be83599,,9. Gastrointestinal Tract,2026-02-04 03:28:11.449011+00,6606906b-a1c0-4a46-9b2c-9571839f5a8b,,
ea697fd2-b9d6-4ca1-9fa6-feb7247f1cd0,,4. Psychiatric Disorders,2026-02-04 02:00:09.142119+00,6606906b-a1c0-4a46-9b2c-9571839f5a8b,,
f2c6228c-8f73-4888-816c-bb16a4473886,,6. Plaque & OHI,2026-02-05 01:58:56.056869+00,f7fa4b00-b283-4f14-b19b-59a782b67934,,
f5094f42-f698-46f6-a390-090a7f941da5,,2. Medical History and Medical Risk Assessment,2026-02-04 22:02:39.53588+00,d618671e-3161-4f7d-8df2-1877c6c9c325,,6197d028-2a98-5559-b43b-4775e1300dbb-Medical_History_and_Medical_Risk_Assessment_(S).pdf
f70c9de3-784d-41cc-b49d-587d1245b3e3,,1.3 Endocrine: Gonads,2026-03-24 23:39:24.919782+00,91f23899-64e5-4aee-83b4-fed0a33574e5,"W1, L3, Dr. Javadi",0c685579-dc3b-54d5-b707-f70b902fb415-Gonads.pdf